指标,Baseline,MASAC优化,改进
总时延 (s),120.927062,123343.648768,-101898.38%
总能耗 (J),5.1869828518,173.3639396038,-3242.29%
